{"py/object": "rasa_core.featurizers.MaxHistoryTrackerFeaturizer", "max_history": 3, "remove_duplicates": true, "state_featurizer": {"py/object": "rasa_core.featurizers.BinarySingleStateFeaturizer", "input_state_map": {"entity_location": 3, "intent_goodbye": 0, "intent_greet": 1, "intent_inform": 2, "prev_action_deactivate_form": 8, "prev_action_default_ask_affirmation": 10, "prev_action_default_ask_rephrase": 11, "prev_action_default_fallback": 7, "prev_action_listen": 5, "prev_action_restart": 6, "prev_action_revert_fallback_events": 9, "prev_action_weather": 15, "prev_utter_ask_location": 14, "prev_utter_goodbye": 13, "prev_utter_greet": 12, "slot_location_0": 4}, "num_features": 16, "slot_feature_len": 1, "user_feature_len": 4}, "use_intent_probabilities": false}